Jose,Paul,Jose.Paul.tbmwp4lchy@psycray.net,Password123
Rachel,David,Rachel.David.wj8rp9ky0n@psycray.net,Password123
Nancy,Scott,Nancy.Scott.3dqobcwb77@psycray.net,Password123
Xavier,Mark,Xavier.Mark.wtos3q3ziy@psycray.net,Password123
Jean,Jean,Jean.Jean.4vvxjswlpi@psycray.net,Password123
Mary,Donald,Mary.Donald.rjkc59gpmv@psycray.net,Password123
John,Anna,John.Anna.4iqryn9wcv@psycray.net,Password123
Vincent,Tiffany,Vincent.Tiffany.dpf1lfughm@psycray.net,Password123
Nicole,Elijah,Nicole.Elijah.19y6urtgaj@psycray.net,Password123
Joyce,Thomas,Joyce.Thomas.olg38kztnb@psycray.net,Password123
David,Joan,David.Joan.btdhvno85f@psycray.net,Password123
Charles,Matthew,Charles.Matthew.f798jf6ui9@psycray.net,Password123
Stephen,Thomas,Stephen.Thomas.rbuujl37le@psycray.net,Password123
Diane,Dylan,Diane.Dylan.93qf7gv7c0@psycray.net,Password123
Diane,Nathan,Diane.Nathan.4fs0sijkwh@psycray.net,Password123
Debra,Andrew,Debra.Andrew.se38dug3ai@psycray.net,Password123
Andrew,Matthew,Andrew.Matthew.ovghjy5l0z@psycray.net,Password123
Janet,Jack,Janet.Jack.5ulmkbg7q8@psycray.net,Password123
Grace,Samantha,Grace.Samantha.6w9ss5aaj6@psycray.net,Password123
Jose,Cynthia,Jose.Cynthia.fjob8319ye@psycray.net,Password123
Larry,John,Larry.John.ramd34y5rj@psycray.net,Password123
Joyce,Ashley,Joyce.Ashley.vlbcfuh2go@psycray.net,Password123
Grace,Pamela,Grace.Pamela.thysjdpvo7@psycray.net,Password123
Emma,Sean,Emma.Sean.1vzzbis8le@psycray.net,Password123
Susan,Steven,Susan.Steven.zfinuacef6@psycray.net,Password123
Emily,Vincent,Emily.Vincent.fi2mqbfxzq@psycray.net,Password123
Jesse,Kenneth,Jesse.Kenneth.lvvhlbo48t@psycray.net,Password123
Anthony,Jennifer,Anthony.Jennifer.of9z2zqfuo@psycray.net,Password123
Gregory,Margaret,Gregory.Margaret.drtshbo236@psycray.net,Password123
Grace,Hannah,Grace.Hannah.p8e4kmixij@psycray.net,Password123
Samantha,Alexander,Samantha.Alexander.83sqpd2vci@psycray.net,Password123
Roger,Dennis,Roger.Dennis.r3kcd8zxrd@psycray.net,Password123
James,Kayla,James.Kayla.3t7lw1nk1j@psycray.net,Password123
Virginia,Austin,Virginia.Austin.yaq0oq92bv@psycray.net,Password123
Christina,Liam,Christina.Liam.omgisxtn0j@psycray.net,Password123
William,Christopher,William.Christopher.b6phhodkqs@psycray.net,Password123
Carol,Richard,Carol.Richard.i8dchu4uyo@psycray.net,Password123
David,Frank,David.Frank.wq9uqi5qri@psycray.net,Password123
Nathan,Wayne,Nathan.Wayne.7wzbqqljaj@psycray.net,Password123
Gloria,Larry,Gloria.Larry.fbd0oz4aws@psycray.net,Password123
Joyce,Elijah,Joyce.Elijah.daxpw6ivwi@psycray.net,Password123
Albert,Alice,Albert.Alice.w83ghg8cmf@psycray.net,Password123
Betty,Sean,Betty.Sean.x0yv0kvhn6@psycray.net,Password123
Elijah,Sara,Elijah.Sara.l9qlktdl3x@psycray.net,Password123
Donald,Anthony,Donald.Anthony.pgij76mwbg@psycray.net,Password123
Diana,Gary,Diana.Gary.set02cqceq@psycray.net,Password123
Richard,Wendy,Richard.Wendy.ke53lfo24p@psycray.net,Password123
Amanda,Zack,Amanda.Zack.5pvaqb6ezg@psycray.net,Password123
Scott,John,Scott.John.re017gzu1q@psycray.net,Password123
Mary,Joan,Mary.Joan.g8d2yt63wl@psycray.net,Password123
Andrew,Paula,Andrew.Paula.71pmsqtmit@psycray.net,Password123
Steve,Alexander,Steve.Alexander.t2p4smhz3p@psycray.net,Password123
Patricia,Michelle,Patricia.Michelle.tkbmfd7ae7@psycray.net,Password123
Mike,Emma,Mike.Emma.a0l73dvt0j@psycray.net,Password123
Cheryl,Jeremy,Cheryl.Jeremy.dckq9t8elb@psycray.net,Password123
Larry,Paula,Larry.Paula.6mtt2ihuhv@psycray.net,Password123
Teresa,Victor,Teresa.Victor.iwacnzg0ay@psycray.net,Password123
Sarah,Jerry,Sarah.Jerry.dqigdrp3ee@psycray.net,Password123
Tyler,Eve,Tyler.Eve.ikki0h9zfz@psycray.net,Password123
Mark,Denise,Mark.Denise.e887aoooer@psycray.net,Password123
Ethan,Megan,Ethan.Megan.vimy8po5mu@psycray.net,Password123
Maria,Michelle,Maria.Michelle.zs5cr7sg9o@psycray.net,Password123
Donald,Debra,Donald.Debra.v1giv2evh2@psycray.net,Password123
