Billy,Cynthia,Billy.Cynthia.9vww98cdg9@psycray.net,Password123
Vincent,Nancy,Vincent.Nancy.kmksau26oa@psycray.net,Password123
Russell,Rebecca,Russell.Rebecca.78lyjevnjk@psycray.net,Password123
Jerry,Gabriel,Jerry.Gabriel.phki4wurxe@psycray.net,Password123
Mark,Jack,Mark.Jack.cpqn0eossf@psycray.net,Password123
Charlie,Madison,Charlie.Madison.o5au4ihrck@psycray.net,Password123
Jose,Paul,Jose.Paul.tbmwp4lchy@psycray.net,Password123
